f,m,method,err,time,name,n,t
$cos(tA)$,,EX,0.0,8.818068999999923,$H_{LE}^{h=0.04}$,888,5e-05
$cos(tA)$,5.0,PA,0.9083139718947997,0.0149039999996603,$H_{LE}^{h=0.04}$,888,5e-05
$cos(tA)$,18.0,PA,0.8501875014171673,0.07176400000025751,$H_{LE}^{h=0.04}$,888,5e-05
$cos(tA)$,32.0,PA,0.7499224740978223,0.12233999999989464,$H_{LE}^{h=0.04}$,888,5e-05
$cos(tA)$,45.0,PA,0.6668258073958664,0.17206799999985378,$H_{LE}^{h=0.04}$,888,5e-05
$cos(tA)$,59.0,PA,0.5937130917448336,0.19983000000001994,$H_{LE}^{h=0.04}$,888,5e-05
$cos(tA)$,73.0,PA,0.4524232863294536,0.29015099999969607,$H_{LE}^{h=0.04}$,888,5e-05
$cos(tA)$,86.0,PA,0.007251873367809115,0.2496009999999842,$H_{LE}^{h=0.04}$,888,5e-05
$cos(tA)$,100.0,PA,1.5020554468047954e-07,0.3633060000001933,$H_{LE}^{h=0.04}$,888,5e-05
$cos(tA)$,113.0,PA,3.798069898163844e-13,0.37824399999999514,$H_{LE}^{h=0.04}$,888,5e-05
$cos(tA)$,127.0,PA,3.7909832007557866e-14,0.4226880000001074,$H_{LE}^{h=0.04}$,888,5e-05
$cos(tA)$,141.0,PA,3.7533929133343315e-14,0.4173470000000634,$H_{LE}^{h=0.04}$,888,5e-05
$cos(tA)$,154.0,PA,3.776490385090675e-14,0.5567630000000463,$H_{LE}^{h=0.04}$,888,5e-05
$cos(tA)$,168.0,PA,3.7628384016070605e-14,0.6605779999999868,$H_{LE}^{h=0.04}$,888,5e-05
$cos(tA)$,182.0,PA,3.765866902364729e-14,0.6890900000003057,$H_{LE}^{h=0.04}$,888,5e-05
$cos(tA)$,195.0,PA,3.7877137393489906e-14,0.836931000000277,$H_{LE}^{h=0.04}$,888,5e-05
$cos(tA)$,209.0,PA,3.7876585287555484e-14,0.9517630000000281,$H_{LE}^{h=0.04}$,888,5e-05
$cos(tA)$,222.0,PA,3.7835450991610033e-14,0.9480190000003859,$H_{LE}^{h=0.04}$,888,5e-05
$cos(tA)$,236.0,PA,3.786585641874431e-14,1.0881679999997687,$H_{LE}^{h=0.04}$,888,5e-05
$cos(tA)$,250.0,PA,3.7722813031396116e-14,1.2423710000002757,$H_{LE}^{h=0.04}$,888,5e-05
$cos(tA)$,263.0,PA,3.7796382038761604e-14,1.324833000000126,$H_{LE}^{h=0.04}$,888,5e-05
$cos(tA)$,277.0,PA,3.7756568376288186e-14,1.4445519999999306,$H_{LE}^{h=0.04}$,888,5e-05
$cos(tA)$,291.0,PA,3.78261464858124e-14,1.4025490000003629,$H_{LE}^{h=0.04}$,888,5e-05
$cos(tA)$,304.0,PA,3.784452422493255e-14,1.5277729999997973,$H_{LE}^{h=0.04}$,888,5e-05
$cos(tA)$,318.0,PA,3.7835577320979696e-14,1.5759940000002644,$H_{LE}^{h=0.04}$,888,5e-05
$cos(tA)$,331.0,PA,3.7835450991610033e-14,1.7762030000003506,$H_{LE}^{h=0.04}$,888,5e-05
$cos(tA)$,345.0,PA,3.6623349759982616e-14,1.8904139999999643,$H_{LE}^{h=0.04}$,888,5e-05
$cos(tA)$,359.0,PA,3.7879278479269814e-14,2.10249500000009,$H_{LE}^{h=0.04}$,888,5e-05
$cos(tA)$,372.0,PA,3.781922550420305e-14,2.0249330000001464,$H_{LE}^{h=0.04}$,888,5e-05
$cos(tA)$,386.0,PA,3.779516341087944e-14,2.1480540000002293,$H_{LE}^{h=0.04}$,888,5e-05
$cos(tA)$,400.0,PA,3.7812047173627246e-14,3.078497999999854,$H_{LE}^{h=0.04}$,888,5e-05
$cos(tA)$,5.0,RA-AAA1,1.0057310396261914,4.953977000000123,$H_{LE}^{h=0.04}$,888,5e-05
$cos(tA)$,8.0,RA-AAA1,0.9347339090106354,7.349103000000014,$H_{LE}^{h=0.04}$,888,5e-05
$cos(tA)$,11.0,RA-AAA1,0.9131212155816008,10.375633999999991,$H_{LE}^{h=0.04}$,888,5e-05
$cos(tA)$,14.0,RA-AAA1,0.7968495957507471,13.826962000000094,$H_{LE}^{h=0.04}$,888,5e-05
$cos(tA)$,18.0,RA-AAA1,0.7508899437207625,16.57823899999994,$H_{LE}^{h=0.04}$,888,5e-05
$cos(tA)$,21.0,RA-AAA1,0.6636826479273521,18.485217999999804,$H_{LE}^{h=0.04}$,888,5e-05
$cos(tA)$,24.0,RA-AAA1,0.6838329085973955,21.939120000000003,$H_{LE}^{h=0.04}$,888,5e-05
$cos(tA)$,27.0,RA-AAA1,0.6364555122025296,25.011539000000084,$H_{LE}^{h=0.04}$,888,5e-05
$cos(tA)$,31.0,RA-AAA1,0.6782652683512361,28.73751200000015,$H_{LE}^{h=0.04}$,888,5e-05
$cos(tA)$,34.0,RA-AAA1,0.6297234275764892,31.467465000000175,$H_{LE}^{h=0.04}$,888,5e-05
$cos(tA)$,37.0,RA-AAA1,0.6336362794992138,35.35222700000031,$H_{LE}^{h=0.04}$,888,5e-05
$cos(tA)$,41.0,RA-AAA1,0.5810197799047889,40.476468999999724,$H_{LE}^{h=0.04}$,888,5e-05
$cos(tA)$,44.0,RA-AAA1,0.5399791497802708,45.87009699999999,$H_{LE}^{h=0.04}$,888,5e-05
$cos(tA)$,47.0,RA-AAA1,0.5392937122480418,52.78969300000017,$H_{LE}^{h=0.04}$,888,5e-05
$cos(tA)$,50.0,RA-AAA1,0.5921233816586081,50.41840999999977,$H_{LE}^{h=0.04}$,888,5e-05
$cos(tA)$,54.0,RA-AAA1,0.5477084582394556,57.336191999999755,$H_{LE}^{h=0.04}$,888,5e-05
$cos(tA)$,57.0,RA-AAA1,0.5906169654718646,61.147877000000335,$H_{LE}^{h=0.04}$,888,5e-05
$cos(tA)$,60.0,RA-AAA1,0.5279301999344002,56.89179899999999,$H_{LE}^{h=0.04}$,888,5e-05
$cos(tA)$,63.0,RA-AAA1,0.5443736417676581,69.08592800000042,$H_{LE}^{h=0.04}$,888,5e-05
$cos(tA)$,67.0,RA-AAA1,0.47011795114307703,71.96418199999971,$H_{LE}^{h=0.04}$,888,5e-05
$cos(tA)$,70.0,RA-AAA1,0.4935681168657948,71.65203099999962,$H_{LE}^{h=0.04}$,888,5e-05
$cos(tA)$,73.0,RA-AAA1,0.5090068397313813,66.11990400000013,$H_{LE}^{h=0.04}$,888,5e-05
$cos(tA)$,77.0,RA-AAA1,0.5047199227943178,70.55121799999961,$H_{LE}^{h=0.04}$,888,5e-05
$cos(tA)$,80.0,RA-AAA1,0.46937931864778437,68.96130300000004,$H_{LE}^{h=0.04}$,888,5e-05
$cos(tA)$,83.0,RA-AAA1,0.4676740546291363,84.34436900000037,$H_{LE}^{h=0.04}$,888,5e-05
$cos(tA)$,86.0,RA-AAA1,0.4587369271214071,81.17500100000052,$H_{LE}^{h=0.04}$,888,5e-05
$cos(tA)$,90.0,RA-AAA1,0.4544700496921172,87.56590400000005,$H_{LE}^{h=0.04}$,888,5e-05
$cos(tA)$,93.0,RA-AAA1,0.42014785282305417,88.84379699999954,$H_{LE}^{h=0.04}$,888,5e-05
$cos(tA)$,96.0,RA-AAA1,0.3945280687379087,108.53214500000013,$H_{LE}^{h=0.04}$,888,5e-05
$cos(tA)$,100.0,RA-AAA1,0.3884467198178078,129.03821200000039,$H_{LE}^{h=0.04}$,888,5e-05
$t sinc(tA)$,,EX,0.0,8.235571000000164,$H_{LE}^{h=0.04}$,888,5e-05
$t sinc(tA)$,5.0,PA,1.610102621496705,0.20097699999951146,$H_{LE}^{h=0.04}$,888,5e-05
$t sinc(tA)$,18.0,PA,1.2574322606307244,0.5512960000005478,$H_{LE}^{h=0.04}$,888,5e-05
$t sinc(tA)$,32.0,PA,0.9424103570687455,0.23119800000040414,$H_{LE}^{h=0.04}$,888,5e-05
$t sinc(tA)$,45.0,PA,0.7317835603377966,0.16269399999964662,$H_{LE}^{h=0.04}$,888,5e-05
$t sinc(tA)$,59.0,PA,0.6085584634989608,0.23024400000031164,$H_{LE}^{h=0.04}$,888,5e-05
$t sinc(tA)$,73.0,PA,0.4411307417862822,0.29227199999968434,$H_{LE}^{h=0.04}$,888,5e-05
$t sinc(tA)$,86.0,PA,0.008297101511566889,0.3998250000004191,$H_{LE}^{h=0.04}$,888,5e-05
$t sinc(tA)$,100.0,PA,1.2832244720142204e-07,0.47244599999976344,$H_{LE}^{h=0.04}$,888,5e-05
$t sinc(tA)$,113.0,PA,1.843080828284353e-13,0.52107100000012,$H_{LE}^{h=0.04}$,888,5e-05
$t sinc(tA)$,127.0,PA,5.1520921789581983e-14,0.5017949999992197,$H_{LE}^{h=0.04}$,888,5e-05
$t sinc(tA)$,141.0,PA,5.214773012271339e-14,0.49513200000001234,$H_{LE}^{h=0.04}$,888,5e-05
$t sinc(tA)$,154.0,PA,5.2526526805393624e-14,0.6892299999999523,$H_{LE}^{h=0.04}$,888,5e-05
$t sinc(tA)$,168.0,PA,5.2377174306352893e-14,1.0046439999996437,$H_{LE}^{h=0.04}$,888,5e-05
$t sinc(tA)$,182.0,PA,5.2476436981286874e-14,0.8516239999999016,$H_{LE}^{h=0.04}$,888,5e-05
$t sinc(tA)$,195.0,PA,5.205442008830138e-14,0.9653419999995094,$H_{LE}^{h=0.04}$,888,5e-05
$t sinc(tA)$,209.0,PA,5.206407602517016e-14,1.2722299999995812,$H_{LE}^{h=0.04}$,888,5e-05
$t sinc(tA)$,222.0,PA,5.2022184139042635e-14,0.9642639999992753,$H_{LE}^{h=0.04}$,888,5e-05
$t sinc(tA)$,236.0,PA,5.224144882934053e-14,1.8127560000002632,$H_{LE}^{h=0.04}$,888,5e-05
$t sinc(tA)$,250.0,PA,5.17571543218618e-14,1.784338000000389,$H_{LE}^{h=0.04}$,888,5e-05
$t sinc(tA)$,263.0,PA,5.18539981352235e-14,1.2762740000007398,$H_{LE}^{h=0.04}$,888,5e-05
$t sinc(tA)$,277.0,PA,5.1956571811557745e-14,1.405902999999853,$H_{LE}^{h=0.04}$,888,5e-05
$t sinc(tA)$,291.0,PA,5.2006253809534775e-14,2.0003200000001016,$H_{LE}^{h=0.04}$,888,5e-05
$t sinc(tA)$,304.0,PA,5.203013196186678e-14,1.6514049999996132,$H_{LE}^{h=0.04}$,888,5e-05
$t sinc(tA)$,318.0,PA,5.202215825287935e-14,1.7743899999995847,$H_{LE}^{h=0.04}$,888,5e-05
$t sinc(tA)$,331.0,PA,5.202341894799632e-14,1.8492299999998068,$H_{LE}^{h=0.04}$,888,5e-05
$t sinc(tA)$,345.0,PA,5.1734155217710786e-14,2.0445630000003803,$H_{LE}^{h=0.04}$,888,5e-05
$t sinc(tA)$,359.0,PA,5.191128077835978e-14,2.723392999999305,$H_{LE}^{h=0.04}$,888,5e-05
$t sinc(tA)$,372.0,PA,5.198967220685075e-14,2.1173859999998967,$H_{LE}^{h=0.04}$,888,5e-05
$t sinc(tA)$,386.0,PA,5.196651671005839e-14,2.296075000000201,$H_{LE}^{h=0.04}$,888,5e-05
$t sinc(tA)$,400.0,PA,5.1971975449077513e-14,3.3227340000003096,$H_{LE}^{h=0.04}$,888,5e-05
$t sinc(tA)$,5.0,RA-AAA1,1.2694201739623703,4.405055999999604,$H_{LE}^{h=0.04}$,888,5e-05
$t sinc(tA)$,8.0,RA-AAA1,1.159420414340719,9.025732000000062,$H_{LE}^{h=0.04}$,888,5e-05
$t sinc(tA)$,11.0,RA-AAA1,1.6490619958672441,11.805538999999953,$H_{LE}^{h=0.04}$,888,5e-05
$t sinc(tA)$,14.0,RA-AAA1,1.1279922115023495,12.852253999999448,$H_{LE}^{h=0.04}$,888,5e-05
$t sinc(tA)$,18.0,RA-AAA1,0.8621513331831154,19.18477299999995,$H_{LE}^{h=0.04}$,888,5e-05
$t sinc(tA)$,21.0,RA-AAA1,0.9700167986091554,19.623861999999463,$H_{LE}^{h=0.04}$,888,5e-05
$t sinc(tA)$,24.0,RA-AAA1,0.9652652947041583,26.543173000000024,$H_{LE}^{h=0.04}$,888,5e-05
$t sinc(tA)$,27.0,RA-AAA1,0.9409914155894815,30.66124800000034,$H_{LE}^{h=0.04}$,888,5e-05
$t sinc(tA)$,31.0,RA-AAA1,1.0623186328106522,41.966520999999375,$H_{LE}^{h=0.04}$,888,5e-05
$t sinc(tA)$,34.0,RA-AAA1,0.8980370971290741,31.720768000000135,$H_{LE}^{h=0.04}$,888,5e-05
$t sinc(tA)$,37.0,RA-AAA1,0.6429582432496423,33.445346999999856,$H_{LE}^{h=0.04}$,888,5e-05
$t sinc(tA)$,41.0,RA-AAA1,0.719626517962592,61.46991600000001,$H_{LE}^{h=0.04}$,888,5e-05
$t sinc(tA)$,44.0,RA-AAA1,0.782775163635681,76.1779120000001,$H_{LE}^{h=0.04}$,888,5e-05
$t sinc(tA)$,47.0,RA-AAA1,0.6522141481622753,47.03173799999968,$H_{LE}^{h=0.04}$,888,5e-05
$t sinc(tA)$,50.0,RA-AAA1,0.9462217294174771,57.64145699999972,$H_{LE}^{h=0.04}$,888,5e-05
$t sinc(tA)$,54.0,RA-AAA1,0.7203459017481342,82.37422500000048,$H_{LE}^{h=0.04}$,888,5e-05
$t sinc(tA)$,57.0,RA-AAA1,0.7146028103309972,73.78603599999951,$H_{LE}^{h=0.04}$,888,5e-05
$t sinc(tA)$,60.0,RA-AAA1,0.8507993841445125,78.76401700000042,$H_{LE}^{h=0.04}$,888,5e-05
$t sinc(tA)$,63.0,RA-AAA1,0.7933876343114882,81.32003700000041,$H_{LE}^{h=0.04}$,888,5e-05
$t sinc(tA)$,67.0,RA-AAA1,0.6904768985461253,76.3148540000002,$H_{LE}^{h=0.04}$,888,5e-05
$t sinc(tA)$,70.0,RA-AAA1,0.7515487985599002,87.80493299999944,$H_{LE}^{h=0.04}$,888,5e-05
$t sinc(tA)$,73.0,RA-AAA1,0.6406999607434268,106.6950110000007,$H_{LE}^{h=0.04}$,888,5e-05
$t sinc(tA)$,77.0,RA-AAA1,0.7470424540529724,99.9290289999999,$H_{LE}^{h=0.04}$,888,5e-05
$t sinc(tA)$,80.0,RA-AAA1,0.6572643013852824,119.59608399999979,$H_{LE}^{h=0.04}$,888,5e-05
$t sinc(tA)$,83.0,RA-AAA1,0.6922630132953334,120.40877,$H_{LE}^{h=0.04}$,888,5e-05
$t sinc(tA)$,86.0,RA-AAA1,0.677152861713795,174.85407399999986,$H_{LE}^{h=0.04}$,888,5e-05
$t sinc(tA)$,90.0,RA-AAA1,0.6996120232208942,220.427326,$H_{LE}^{h=0.04}$,888,5e-05
$t sinc(tA)$,93.0,RA-AAA1,0.5643910820451047,194.65285900000072,$H_{LE}^{h=0.04}$,888,5e-05
$t sinc(tA)$,96.0,RA-AAA1,0.6950120277284504,104.0756679999995,$H_{LE}^{h=0.04}$,888,5e-05
$t sinc(tA)$,100.0,RA-AAA1,0.6457663155861658,120.85139600000002,$H_{LE}^{h=0.04}$,888,5e-05
$\frac{t^2}{2} sinc(\frac{t}{2} A)^2$,,EX,0.0,14.658097000000453,$H_{LE}^{h=0.04}$,888,5e-05
$\frac{t^2}{2} sinc(\frac{t}{2} A)^2$,5.0,PA,0.394537719100267,0.015208000000711763,$H_{LE}^{h=0.04}$,888,5e-05
$\frac{t^2}{2} sinc(\frac{t}{2} A)^2$,18.0,PA,0.35023849028560866,0.040445000000545406,$H_{LE}^{h=0.04}$,888,5e-05
$\frac{t^2}{2} sinc(\frac{t}{2} A)^2$,32.0,PA,0.28361277956292297,0.16401200000018434,$H_{LE}^{h=0.04}$,888,5e-05
$\frac{t^2}{2} sinc(\frac{t}{2} A)^2$,45.0,PA,0.20812065112933317,0.1362890000000334,$H_{LE}^{h=0.04}$,888,5e-05
$\frac{t^2}{2} sinc(\frac{t}{2} A)^2$,59.0,PA,0.1598101428613146,0.5771680000007109,$H_{LE}^{h=0.04}$,888,5e-05
$\frac{t^2}{2} sinc(\frac{t}{2} A)^2$,73.0,PA,0.10439847835241786,2.8605380000008154,$H_{LE}^{h=0.04}$,888,5e-05
$\frac{t^2}{2} sinc(\frac{t}{2} A)^2$,86.0,PA,0.0014267476454993234,1.4806829999997717,$H_{LE}^{h=0.04}$,888,5e-05
$\frac{t^2}{2} sinc(\frac{t}{2} A)^2$,100.0,PA,3.9155250271080595e-08,2.1214419999996608,$H_{LE}^{h=0.04}$,888,5e-05
$\frac{t^2}{2} sinc(\frac{t}{2} A)^2$,113.0,PA,8.111624276432711e-14,3.007806999999957,$H_{LE}^{h=0.04}$,888,5e-05
$\frac{t^2}{2} sinc(\frac{t}{2} A)^2$,127.0,PA,2.3053698645993667e-14,1.7507949999999255,$H_{LE}^{h=0.04}$,888,5e-05
$\frac{t^2}{2} sinc(\frac{t}{2} A)^2$,141.0,PA,2.265299303612501e-14,2.0636850000000777,$H_{LE}^{h=0.04}$,888,5e-05
$\frac{t^2}{2} sinc(\frac{t}{2} A)^2$,154.0,PA,2.296089918324604e-14,0.7727650000006179,$H_{LE}^{h=0.04}$,888,5e-05
$\frac{t^2}{2} sinc(\frac{t}{2} A)^2$,168.0,PA,2.2487902350237934e-14,0.9107670000003054,$H_{LE}^{h=0.04}$,888,5e-05
$\frac{t^2}{2} sinc(\frac{t}{2} A)^2$,182.0,PA,2.2631312346588892e-14,1.012513000000581,$H_{LE}^{h=0.04}$,888,5e-05
$\frac{t^2}{2} sinc(\frac{t}{2} A)^2$,195.0,PA,2.2926497621929058e-14,1.7511759999997594,$H_{LE}^{h=0.04}$,888,5e-05
$\frac{t^2}{2} sinc(\frac{t}{2} A)^2$,209.0,PA,2.2925460743192687e-14,1.1114079999997557,$H_{LE}^{h=0.04}$,888,5e-05
$\frac{t^2}{2} sinc(\frac{t}{2} A)^2$,222.0,PA,2.292580585659997e-14,1.7108780000007755,$H_{LE}^{h=0.04}$,888,5e-05
$\frac{t^2}{2} sinc(\frac{t}{2} A)^2$,236.0,PA,2.308041004028988e-14,2.433125999999902,$H_{LE}^{h=0.04}$,888,5e-05
$\frac{t^2}{2} sinc(\frac{t}{2} A)^2$,250.0,PA,2.2860829495583476e-14,2.2009729999999763,$H_{LE}^{h=0.04}$,888,5e-05
$\frac{t^2}{2} sinc(\frac{t}{2} A)^2$,263.0,PA,2.2872106982600806e-14,3.1106930000005377,$H_{LE}^{h=0.04}$,888,5e-05
$\frac{t^2}{2} sinc(\frac{t}{2} A)^2$,277.0,PA,2.2909501131038056e-14,1.9387909999995827,$H_{LE}^{h=0.04}$,888,5e-05
$\frac{t^2}{2} sinc(\frac{t}{2} A)^2$,291.0,PA,2.2911522523619254e-14,3.3792440000006536,$H_{LE}^{h=0.04}$,888,5e-05
$\frac{t^2}{2} sinc(\frac{t}{2} A)^2$,304.0,PA,2.2917179560452164e-14,2.54916300000059,$H_{LE}^{h=0.04}$,888,5e-05
$\frac{t^2}{2} sinc(\frac{t}{2} A)^2$,318.0,PA,2.2918610147239903e-14,3.4888609999998152,$H_{LE}^{h=0.04}$,888,5e-05
$\frac{t^2}{2} sinc(\frac{t}{2} A)^2$,331.0,PA,2.2917946282415993e-14,4.050223999999616,$H_{LE}^{h=0.04}$,888,5e-05
$\frac{t^2}{2} sinc(\frac{t}{2} A)^2$,345.0,PA,2.1560717904713925e-14,4.618507000000136,$H_{LE}^{h=0.04}$,888,5e-05
$\frac{t^2}{2} sinc(\frac{t}{2} A)^2$,359.0,PA,2.2974547330433415e-14,4.710246999999981,$H_{LE}^{h=0.04}$,888,5e-05
$\frac{t^2}{2} sinc(\frac{t}{2} A)^2$,372.0,PA,2.2891814755053396e-14,16.106440000000475,$H_{LE}^{h=0.04}$,888,5e-05
$\frac{t^2}{2} sinc(\frac{t}{2} A)^2$,386.0,PA,2.2913491022929813e-14,15.507730000000265,$H_{LE}^{h=0.04}$,888,5e-05
$\frac{t^2}{2} sinc(\frac{t}{2} A)^2$,400.0,PA,2.2918280046682528e-14,17.653487000000496,$H_{LE}^{h=0.04}$,888,5e-05
$\frac{t^2}{2} sinc(\frac{t}{2} A)^2$,5.0,RA-AAA1,0.3542941151911393,19.27183799999966,$H_{LE}^{h=0.04}$,888,5e-05
$\frac{t^2}{2} sinc(\frac{t}{2} A)^2$,8.0,RA-AAA1,0.3509400245404028,10.554427999999461,$H_{LE}^{h=0.04}$,888,5e-05
$\frac{t^2}{2} sinc(\frac{t}{2} A)^2$,11.0,RA-AAA1,0.3038043774155554,17.304149000000507,$H_{LE}^{h=0.04}$,888,5e-05
$\frac{t^2}{2} sinc(\frac{t}{2} A)^2$,14.0,RA-AAA1,0.2970108580790666,16.815851999999722,$H_{LE}^{h=0.04}$,888,5e-05
$\frac{t^2}{2} sinc(\frac{t}{2} A)^2$,18.0,RA-AAA1,0.21991004514476517,19.855923999999504,$H_{LE}^{h=0.04}$,888,5e-05
$\frac{t^2}{2} sinc(\frac{t}{2} A)^2$,21.0,RA-AAA1,0.24585375801301482,22.706850999999915,$H_{LE}^{h=0.04}$,888,5e-05
$\frac{t^2}{2} sinc(\frac{t}{2} A)^2$,24.0,RA-AAA1,0.2926319577630404,26.06537600000047,$H_{LE}^{h=0.04}$,888,5e-05
$\frac{t^2}{2} sinc(\frac{t}{2} A)^2$,27.0,RA-AAA1,0.24988423347909108,24.919283999999607,$H_{LE}^{h=0.04}$,888,5e-05
$\frac{t^2}{2} sinc(\frac{t}{2} A)^2$,31.0,RA-AAA1,0.213152644972772,32.36715599999934,$H_{LE}^{h=0.04}$,888,5e-05
$\frac{t^2}{2} sinc(\frac{t}{2} A)^2$,34.0,RA-AAA1,0.21774030300515418,32.221418000000085,$H_{LE}^{h=0.04}$,888,5e-05
$\frac{t^2}{2} sinc(\frac{t}{2} A)^2$,37.0,RA-AAA1,0.1844973080930882,77.2138589999995,$H_{LE}^{h=0.04}$,888,5e-05
$\frac{t^2}{2} sinc(\frac{t}{2} A)^2$,41.0,RA-AAA1,0.22253733245565563,91.55781399999978,$H_{LE}^{h=0.04}$,888,5e-05
$\frac{t^2}{2} sinc(\frac{t}{2} A)^2$,44.0,RA-AAA1,0.20459233875058774,49.17039600000044,$H_{LE}^{h=0.04}$,888,5e-05
$\frac{t^2}{2} sinc(\frac{t}{2} A)^2$,47.0,RA-AAA1,0.16738727048757696,56.29635599999983,$H_{LE}^{h=0.04}$,888,5e-05
$\frac{t^2}{2} sinc(\frac{t}{2} A)^2$,50.0,RA-AAA1,0.1824085432099689,60.480765999999676,$H_{LE}^{h=0.04}$,888,5e-05
$\frac{t^2}{2} sinc(\frac{t}{2} A)^2$,54.0,RA-AAA1,0.18796903510839993,191.82867199999964,$H_{LE}^{h=0.04}$,888,5e-05
$\frac{t^2}{2} sinc(\frac{t}{2} A)^2$,57.0,RA-AAA1,0.1682386888649865,52.5988269999998,$H_{LE}^{h=0.04}$,888,5e-05
$\frac{t^2}{2} sinc(\frac{t}{2} A)^2$,60.0,RA-AAA1,0.18438294963176471,52.49867699999959,$H_{LE}^{h=0.04}$,888,5e-05
$\frac{t^2}{2} sinc(\frac{t}{2} A)^2$,63.0,RA-AAA1,0.17163799357329504,60.38913599999978,$H_{LE}^{h=0.04}$,888,5e-05
$\frac{t^2}{2} sinc(\frac{t}{2} A)^2$,67.0,RA-AAA1,0.1647556423596539,82.25111300000026,$H_{LE}^{h=0.04}$,888,5e-05
$\frac{t^2}{2} sinc(\frac{t}{2} A)^2$,70.0,RA-AAA1,0.1549598105058337,78.18797099999938,$H_{LE}^{h=0.04}$,888,5e-05
$\frac{t^2}{2} sinc(\frac{t}{2} A)^2$,73.0,RA-AAA1,0.16096518644441338,65.08095200000025,$H_{LE}^{h=0.04}$,888,5e-05
$\frac{t^2}{2} sinc(\frac{t}{2} A)^2$,77.0,RA-AAA1,0.15037734909029177,69.75839500000075,$H_{LE}^{h=0.04}$,888,5e-05
$\frac{t^2}{2} sinc(\frac{t}{2} A)^2$,80.0,RA-AAA1,0.15164077930867984,70.76541200000065,$H_{LE}^{h=0.04}$,888,5e-05
$\frac{t^2}{2} sinc(\frac{t}{2} A)^2$,83.0,RA-AAA1,0.15696095041767305,76.64886800000022,$H_{LE}^{h=0.04}$,888,5e-05
$\frac{t^2}{2} sinc(\frac{t}{2} A)^2$,86.0,RA-AAA1,0.1492772935930725,77.65006300000096,$H_{LE}^{h=0.04}$,888,5e-05
$\frac{t^2}{2} sinc(\frac{t}{2} A)^2$,90.0,RA-AAA1,0.14480775207843327,179.2093330000007,$H_{LE}^{h=0.04}$,888,5e-05
$\frac{t^2}{2} sinc(\frac{t}{2} A)^2$,93.0,RA-AAA1,0.1425797133471249,145.64181299999836,$H_{LE}^{h=0.04}$,888,5e-05
$\frac{t^2}{2} sinc(\frac{t}{2} A)^2$,96.0,RA-AAA1,0.1314112889893752,170.14376599999923,$H_{LE}^{h=0.04}$,888,5e-05
$\frac{t^2}{2} sinc(\frac{t}{2} A)^2$,100.0,RA-AAA1,0.13402461274082939,133.84386199999972,$H_{LE}^{h=0.04}$,888,5e-05
$cos(tA)$,,EX,0.0,8.4985429999997,$H_{LE}^{h=0.04}$,888,1e-04
$cos(tA)$,5.0,PA,1.0944961024443476,0.10103700000036042,$H_{LE}^{h=0.04}$,888,1e-04
$cos(tA)$,18.0,PA,1.1183219886283327,0.02184999999917636,$H_{LE}^{h=0.04}$,888,1e-04
$cos(tA)$,32.0,PA,0.9300043770133605,0.10044200000083947,$H_{LE}^{h=0.04}$,888,1e-04
$cos(tA)$,45.0,PA,0.813940599965238,0.20953799999915645,$H_{LE}^{h=0.04}$,888,1e-04
$cos(tA)$,59.0,PA,0.810402128722915,0.20895399999972142,$H_{LE}^{h=0.04}$,888,1e-04
$cos(tA)$,73.0,PA,0.754743395328876,0.2466150000000198,$H_{LE}^{h=0.04}$,888,1e-04
$cos(tA)$,86.0,PA,0.6523490225162094,0.27935299999990093,$H_{LE}^{h=0.04}$,888,1e-04
$cos(tA)$,100.0,PA,0.5627141675227505,0.340290999998615,$H_{LE}^{h=0.04}$,888,1e-04
$cos(tA)$,113.0,PA,0.5588654168229815,0.4567529999985709,$H_{LE}^{h=0.04}$,888,1e-04
$cos(tA)$,127.0,PA,0.46381702889753673,0.48157699999865144,$H_{LE}^{h=0.04}$,888,1e-04
$cos(tA)$,141.0,PA,0.1622674265977592,0.575156999999308,$H_{LE}^{h=0.04}$,888,1e-04
$cos(tA)$,154.0,PA,0.0007080790443949671,0.5829069999999774,$H_{LE}^{h=0.04}$,888,1e-04
$cos(tA)$,168.0,PA,4.0013145256782074e-08,0.6589190000013332,$H_{LE}^{h=0.04}$,888,1e-04
$cos(tA)$,182.0,PA,4.047097028273071e-13,0.7546070000007603,$H_{LE}^{h=0.04}$,888,1e-04
$cos(tA)$,195.0,PA,4.822568965719627e-14,0.8962419999988924,$H_{LE}^{h=0.04}$,888,1e-04
$cos(tA)$,209.0,PA,4.828937627185185e-14,0.9245950000004086,$H_{LE}^{h=0.04}$,888,1e-04
$cos(tA)$,222.0,PA,4.811714718221986e-14,1.0096099999991566,$H_{LE}^{h=0.04}$,888,1e-04
$cos(tA)$,236.0,PA,4.833426629404795e-14,1.418206000000282,$H_{LE}^{h=0.04}$,888,1e-04
$cos(tA)$,250.0,PA,4.819848550782967e-14,2.404752999998891,$H_{LE}^{h=0.04}$,888,1e-04
$cos(tA)$,263.0,PA,4.7946158497814055e-14,1.3945330000005924,$H_{LE}^{h=0.04}$,888,1e-04
$cos(tA)$,277.0,PA,4.8042058770885635e-14,1.3858599999985017,$H_{LE}^{h=0.04}$,888,1e-04
$cos(tA)$,291.0,PA,4.812487310325216e-14,2.1049439999987953,$H_{LE}^{h=0.04}$,888,1e-04
$cos(tA)$,304.0,PA,4.809300465368759e-14,1.7096509999992122,$H_{LE}^{h=0.04}$,888,1e-04
$cos(tA)$,318.0,PA,4.8111391718455396e-14,2.306601000000228,$H_{LE}^{h=0.04}$,888,1e-04
$cos(tA)$,331.0,PA,4.8137352019109165e-14,2.6338640000012674,$H_{LE}^{h=0.04}$,888,1e-04
$cos(tA)$,345.0,PA,4.700449813015278e-14,2.286943999999494,$H_{LE}^{h=0.04}$,888,1e-04
$cos(tA)$,359.0,PA,4.746919890877781e-14,2.892379000000801,$H_{LE}^{h=0.04}$,888,1e-04
$cos(tA)$,372.0,PA,4.81443784496025e-14,3.8908530000007886,$H_{LE}^{h=0.04}$,888,1e-04
$cos(tA)$,386.0,PA,4.809104667106548e-14,5.1555870000011055,$H_{LE}^{h=0.04}$,888,1e-04
$cos(tA)$,400.0,PA,4.526332545525784e-14,4.513406000000032,$H_{LE}^{h=0.04}$,888,1e-04
$cos(tA)$,5.0,RA-AAA1,1.0560526447362597,10.048659000000043,$H_{LE}^{h=0.04}$,888,1e-04
$cos(tA)$,8.0,RA-AAA1,0.9662172430364647,11.990065999998478,$H_{LE}^{h=0.04}$,888,1e-04
$cos(tA)$,11.0,RA-AAA1,0.9869416786085319,16.626766999999745,$H_{LE}^{h=0.04}$,888,1e-04
$cos(tA)$,14.0,RA-AAA1,1.1276988587878602,17.347498000000996,$H_{LE}^{h=0.04}$,888,1e-04
$cos(tA)$,18.0,RA-AAA1,0.9298566106919567,21.7870640000001,$H_{LE}^{h=0.04}$,888,1e-04
$cos(tA)$,21.0,RA-AAA1,0.8988790280194823,27.19579899999917,$H_{LE}^{h=0.04}$,888,1e-04
$cos(tA)$,24.0,RA-AAA1,0.8770451345522189,29.872623999999632,$H_{LE}^{h=0.04}$,888,1e-04
$cos(tA)$,27.0,RA-AAA1,0.8785635472541498,94.38457200000084,$H_{LE}^{h=0.04}$,888,1e-04
$cos(tA)$,31.0,RA-AAA1,0.7970820737223917,91.46906299999864,$H_{LE}^{h=0.04}$,888,1e-04
$cos(tA)$,34.0,RA-AAA1,0.7926509403011225,45.35483100000056,$H_{LE}^{h=0.04}$,888,1e-04
$cos(tA)$,37.0,RA-AAA1,0.8424529169129965,82.5757539999995,$H_{LE}^{h=0.04}$,888,1e-04
$cos(tA)$,41.0,RA-AAA1,0.7655353506001545,119.88280699999996,$H_{LE}^{h=0.04}$,888,1e-04
$cos(tA)$,44.0,RA-AAA1,0.70896483152253,66.04950800000006,$H_{LE}^{h=0.04}$,888,1e-04
$cos(tA)$,47.0,RA-AAA1,0.7306905341491314,56.8391589999992,$H_{LE}^{h=0.04}$,888,1e-04
$cos(tA)$,50.0,RA-AAA1,0.701961526729284,143.31028100000003,$H_{LE}^{h=0.04}$,888,1e-04
$cos(tA)$,54.0,RA-AAA1,0.672110255292046,66.79054499999984,$H_{LE}^{h=0.04}$,888,1e-04
$cos(tA)$,57.0,RA-AAA1,0.6571992866088168,68.0428439999996,$H_{LE}^{h=0.04}$,888,1e-04
$cos(tA)$,60.0,RA-AAA1,0.648559228187186,75.25012200000128,$H_{LE}^{h=0.04}$,888,1e-04
$cos(tA)$,63.0,RA-AAA1,0.6169326699288377,103.4031500000001,$H_{LE}^{h=0.04}$,888,1e-04
$cos(tA)$,67.0,RA-AAA1,0.630188629202558,75.34238399999958,$H_{LE}^{h=0.04}$,888,1e-04
$cos(tA)$,70.0,RA-AAA1,0.63802415077856,84.03666899999916,$H_{LE}^{h=0.04}$,888,1e-04
$cos(tA)$,73.0,RA-AAA1,0.6763437611741097,128.86593399999947,$H_{LE}^{h=0.04}$,888,1e-04
$cos(tA)$,77.0,RA-AAA1,0.6002662553821055,126.94661600000109,$H_{LE}^{h=0.04}$,888,1e-04
$cos(tA)$,80.0,RA-AAA1,0.579915672294845,83.15940299999966,$H_{LE}^{h=0.04}$,888,1e-04
$cos(tA)$,83.0,RA-AAA1,0.5825289564191876,94.3538460000018,$H_{LE}^{h=0.04}$,888,1e-04
$cos(tA)$,86.0,RA-AAA1,0.5863274109084262,113.76899199999934,$H_{LE}^{h=0.04}$,888,1e-04
$cos(tA)$,90.0,RA-AAA1,0.5900400723678226,187.08146400000078,$H_{LE}^{h=0.04}$,888,1e-04
$cos(tA)$,93.0,RA-AAA1,0.5710897726798349,108.6411079999998,$H_{LE}^{h=0.04}$,888,1e-04
$cos(tA)$,96.0,RA-AAA1,0.5516871023511761,90.21815700000116,$H_{LE}^{h=0.04}$,888,1e-04
$cos(tA)$,100.0,RA-AAA1,0.5337404483486397,107.13985099999991,$H_{LE}^{h=0.04}$,888,1e-04
$t sinc(tA)$,,EX,0.0,8.403892999998789,$H_{LE}^{h=0.04}$,888,1e-04
$t sinc(tA)$,5.0,PA,2.0508752704734867,0.029959000001326785,$H_{LE}^{h=0.04}$,888,1e-04
$t sinc(tA)$,18.0,PA,1.185045675580821,0.052653999999165535,$H_{LE}^{h=0.04}$,888,1e-04
$t sinc(tA)$,32.0,PA,1.2166580839839702,0.09931400000095891,$H_{LE}^{h=0.04}$,888,1e-04
$t sinc(tA)$,45.0,PA,1.0015546993077067,0.12226900000132446,$H_{LE}^{h=0.04}$,888,1e-04
$t sinc(tA)$,59.0,PA,0.8979318462338969,0.1930949999987206,$H_{LE}^{h=0.04}$,888,1e-04
$t sinc(tA)$,73.0,PA,0.7958077292057492,0.25749200000063865,$H_{LE}^{h=0.04}$,888,1e-04
$t sinc(tA)$,86.0,PA,0.7274847220523846,0.2786310000010417,$H_{LE}^{h=0.04}$,888,1e-04
$t sinc(tA)$,100.0,PA,0.6155650072186939,0.3239929999999731,$H_{LE}^{h=0.04}$,888,1e-04
$t sinc(tA)$,113.0,PA,0.5909268188277281,0.32014600000002247,$H_{LE}^{h=0.04}$,888,1e-04
$t sinc(tA)$,127.0,PA,0.493155584007165,0.4055289999996603,$H_{LE}^{h=0.04}$,888,1e-04
$t sinc(tA)$,141.0,PA,0.1510344813847484,0.4103789999990113,$H_{LE}^{h=0.04}$,888,1e-04
$t sinc(tA)$,154.0,PA,0.0005470122925271988,0.5617110000002867,$H_{LE}^{h=0.04}$,888,1e-04
$t sinc(tA)$,168.0,PA,6.08462119830762e-08,0.71252000000095,$H_{LE}^{h=0.04}$,888,1e-04
$t sinc(tA)$,182.0,PA,2.34395201483662e-13,1.0100000000002183,$H_{LE}^{h=0.04}$,888,1e-04
$t sinc(tA)$,195.0,PA,8.664707795762938e-14,1.0391700000000128,$H_{LE}^{h=0.04}$,888,1e-04
$t sinc(tA)$,209.0,PA,8.679440983588282e-14,1.292131000000154,$H_{LE}^{h=0.04}$,888,1e-04
$t sinc(tA)$,222.0,PA,8.652229265385415e-14,1.1458910000001197,$H_{LE}^{h=0.04}$,888,1e-04
$t sinc(tA)$,236.0,PA,8.713683338161493e-14,2.69017200000053,$H_{LE}^{h=0.04}$,888,1e-04
$t sinc(tA)$,250.0,PA,8.43854158016752e-14,1.9885749999994005,$H_{LE}^{h=0.04}$,888,1e-04
$t sinc(tA)$,263.0,PA,8.588773550579764e-14,2.3261790000015026,$H_{LE}^{h=0.04}$,888,1e-04
$t sinc(tA)$,277.0,PA,8.635521274943967e-14,1.7517420000003767,$H_{LE}^{h=0.04}$,888,1e-04
$t sinc(tA)$,291.0,PA,8.648578067787321e-14,4.527328000000125,$H_{LE}^{h=0.04}$,888,1e-04
$t sinc(tA)$,304.0,PA,8.656049735686451e-14,4.3156659999986005,$H_{LE}^{h=0.04}$,888,1e-04
$t sinc(tA)$,318.0,PA,8.65551809417243e-14,5.846722999998747,$H_{LE}^{h=0.04}$,888,1e-04
$t sinc(tA)$,331.0,PA,8.657503091941947e-14,2.151079999999638,$H_{LE}^{h=0.04}$,888,1e-04
$t sinc(tA)$,345.0,PA,8.20905986426438e-14,2.166172999999617,$H_{LE}^{h=0.04}$,888,1e-04
$t sinc(tA)$,359.0,PA,8.48623620801607e-14,5.813120999999228,$H_{LE}^{h=0.04}$,888,1e-04
$t sinc(tA)$,372.0,PA,8.654521378711955e-14,5.894093999999313,$H_{LE}^{h=0.04}$,888,1e-04
$t sinc(tA)$,386.0,PA,8.644952317337811e-14,2.680586000000403,$H_{LE}^{h=0.04}$,888,1e-04
$t sinc(tA)$,400.0,PA,8.6486583366905e-14,9.861204000000726,$H_{LE}^{h=0.04}$,888,1e-04
$t sinc(tA)$,5.0,RA-AAA1,1.30206055504488,32.31202300000041,$H_{LE}^{h=0.04}$,888,1e-04
$t sinc(tA)$,8.0,RA-AAA1,1.1117504565086416,11.916235000000597,$H_{LE}^{h=0.04}$,888,1e-04
$t sinc(tA)$,11.0,RA-AAA1,1.063404132420107,11.536450999999943,$H_{LE}^{h=0.04}$,888,1e-04
$t sinc(tA)$,14.0,RA-AAA1,1.0059921041804714,15.378966000000219,$H_{LE}^{h=0.04}$,888,1e-04
$t sinc(tA)$,18.0,RA-AAA1,1.1020450445038803,18.866495000000214,$H_{LE}^{h=0.04}$,888,1e-04
$t sinc(tA)$,21.0,RA-AAA1,0.9892083693882753,21.325525999998717,$H_{LE}^{h=0.04}$,888,1e-04
$t sinc(tA)$,24.0,RA-AAA1,0.9975416596115262,35.731417999999394,$H_{LE}^{h=0.04}$,888,1e-04
$t sinc(tA)$,27.0,RA-AAA1,0.9929135526836598,44.19021299999986,$H_{LE}^{h=0.04}$,888,1e-04
$t sinc(tA)$,31.0,RA-AAA1,0.9603742249306928,38.63176799999928,$H_{LE}^{h=0.04}$,888,1e-04
$t sinc(tA)$,34.0,RA-AAA1,0.8252955806158697,35.08302499999991,$H_{LE}^{h=0.04}$,888,1e-04
$t sinc(tA)$,37.0,RA-AAA1,0.8779210397926951,38.395166000000245,$H_{LE}^{h=0.04}$,888,1e-04
$t sinc(tA)$,41.0,RA-AAA1,0.8059315150591367,43.30798800000048,$H_{LE}^{h=0.04}$,888,1e-04
$t sinc(tA)$,44.0,RA-AAA1,0.8457822331014652,65.53822000000036,$H_{LE}^{h=0.04}$,888,1e-04
$t sinc(tA)$,47.0,RA-AAA1,0.8400547546283957,51.550735000000714,$H_{LE}^{h=0.04}$,888,1e-04
$t sinc(tA)$,50.0,RA-AAA1,0.7824364969991462,50.26790699999947,$H_{LE}^{h=0.04}$,888,1e-04
$t sinc(tA)$,54.0,RA-AAA1,0.6819519913545795,55.17395700000088,$H_{LE}^{h=0.04}$,888,1e-04
$t sinc(tA)$,57.0,RA-AAA1,0.689855831469371,59.0800390000004,$H_{LE}^{h=0.04}$,888,1e-04
$t sinc(tA)$,60.0,RA-AAA1,0.6927206947264668,60.99098099999901,$H_{LE}^{h=0.04}$,888,1e-04
$t sinc(tA)$,63.0,RA-AAA1,0.7450430729304908,69.95521100000042,$H_{LE}^{h=0.04}$,888,1e-04
$t sinc(tA)$,67.0,RA-AAA1,0.7594575751099508,81.67667299999994,$H_{LE}^{h=0.04}$,888,1e-04
$t sinc(tA)$,70.0,RA-AAA1,0.7527260434445732,73.073045000001,$H_{LE}^{h=0.04}$,888,1e-04
$t sinc(tA)$,73.0,RA-AAA1,0.7204293294842101,73.37360600000102,$H_{LE}^{h=0.04}$,888,1e-04
$t sinc(tA)$,77.0,RA-AAA1,0.6734359079968278,78.67810999999892,$H_{LE}^{h=0.04}$,888,1e-04
$t sinc(tA)$,80.0,RA-AAA1,0.696216829043853,82.6124749999999,$H_{LE}^{h=0.04}$,888,1e-04
$t sinc(tA)$,83.0,RA-AAA1,0.6639961891458852,83.95637299999908,$H_{LE}^{h=0.04}$,888,1e-04
$t sinc(tA)$,86.0,RA-AAA1,0.7193537678048555,88.99815399999898,$H_{LE}^{h=0.04}$,888,1e-04
$t sinc(tA)$,90.0,RA-AAA1,0.6545859541543587,90.84619199999906,$H_{LE}^{h=0.04}$,888,1e-04
$t sinc(tA)$,93.0,RA-AAA1,0.6090103419375306,94.44599099999868,$H_{LE}^{h=0.04}$,888,1e-04
$t sinc(tA)$,96.0,RA-AAA1,0.7309770590408954,99.70141300000068,$H_{LE}^{h=0.04}$,888,1e-04
$t sinc(tA)$,100.0,RA-AAA1,0.6987867085700774,104.40964600000007,$H_{LE}^{h=0.04}$,888,1e-04
$\frac{t^2}{2} sinc(\frac{t}{2} A)^2$,,EX,0.0,14.520916000001307,$H_{LE}^{h=0.04}$,888,1e-04
$\frac{t^2}{2} sinc(\frac{t}{2} A)^2$,5.0,PA,0.9548806570744082,0.3456719999994675,$H_{LE}^{h=0.04}$,888,1e-04
$\frac{t^2}{2} sinc(\frac{t}{2} A)^2$,18.0,PA,0.8707201114862544,0.11758299999928568,$H_{LE}^{h=0.04}$,888,1e-04
$\frac{t^2}{2} sinc(\frac{t}{2} A)^2$,32.0,PA,0.6797997594696574,0.1294319999997242,$H_{LE}^{h=0.04}$,888,1e-04
$\frac{t^2}{2} sinc(\frac{t}{2} A)^2$,45.0,PA,0.5243521448210433,0.15547499999956926,$H_{LE}^{h=0.04}$,888,1e-04
$\frac{t^2}{2} sinc(\frac{t}{2} A)^2$,59.0,PA,0.5400458365599766,0.2656430000006367,$H_{LE}^{h=0.04}$,888,1e-04
$\frac{t^2}{2} sinc(\frac{t}{2} A)^2$,73.0,PA,0.4502911448668278,0.2529389999999694,$H_{LE}^{h=0.04}$,888,1e-04
$\frac{t^2}{2} sinc(\frac{t}{2} A)^2$,86.0,PA,0.3620440937223554,0.2656409999999596,$H_{LE}^{h=0.04}$,888,1e-04
$\frac{t^2}{2} sinc(\frac{t}{2} A)^2$,100.0,PA,0.2959505178287283,0.347514000000956,$H_{LE}^{h=0.04}$,888,1e-04
$\frac{t^2}{2} sinc(\frac{t}{2} A)^2$,113.0,PA,0.25506935566362116,0.3917249999994965,$H_{LE}^{h=0.04}$,888,1e-04
$\frac{t^2}{2} sinc(\frac{t}{2} A)^2$,127.0,PA,0.20488999096309027,0.46078099999976985,$H_{LE}^{h=0.04}$,888,1e-04
$\frac{t^2}{2} sinc(\frac{t}{2} A)^2$,141.0,PA,0.06629467189847585,1.008945000001404,$H_{LE}^{h=0.04}$,888,1e-04
$\frac{t^2}{2} sinc(\frac{t}{2} A)^2$,154.0,PA,0.000269300891557795,0.7752519999994547,$H_{LE}^{h=0.04}$,888,1e-04
$\frac{t^2}{2} sinc(\frac{t}{2} A)^2$,168.0,PA,1.7676143481110077e-08,0.8923370000011346,$H_{LE}^{h=0.04}$,888,1e-04
$\frac{t^2}{2} sinc(\frac{t}{2} A)^2$,182.0,PA,1.4781363728210787e-13,1.034949000000779,$H_{LE}^{h=0.04}$,888,1e-04
$\frac{t^2}{2} sinc(\frac{t}{2} A)^2$,195.0,PA,4.3705046627574815e-14,1.0580399999998917,$H_{LE}^{h=0.04}$,888,1e-04
$\frac{t^2}{2} sinc(\frac{t}{2} A)^2$,209.0,PA,4.380407314173053e-14,1.0546049999993556,$H_{LE}^{h=0.04}$,888,1e-04
$\frac{t^2}{2} sinc(\frac{t}{2} A)^2$,222.0,PA,4.372280197505463e-14,1.1155159999998432,$H_{LE}^{h=0.04}$,888,1e-04
$\frac{t^2}{2} sinc(\frac{t}{2} A)^2$,236.0,PA,4.398351347123826e-14,1.3227219999989757,$H_{LE}^{h=0.04}$,888,1e-04
$\frac{t^2}{2} sinc(\frac{t}{2} A)^2$,250.0,PA,4.303909870671698e-14,1.4964700000000448,$H_{LE}^{h=0.04}$,888,1e-04
$\frac{t^2}{2} sinc(\frac{t}{2} A)^2$,263.0,PA,4.3297678505161486e-14,1.6242259999999078,$H_{LE}^{h=0.04}$,888,1e-04
$\frac{t^2}{2} sinc(\frac{t}{2} A)^2$,277.0,PA,4.3617873300556086e-14,1.8429099999993923,$H_{LE}^{h=0.04}$,888,1e-04
$\frac{t^2}{2} sinc(\frac{t}{2} A)^2$,291.0,PA,4.370763534373735e-14,1.907401000000391,$H_{LE}^{h=0.04}$,888,1e-04
$\frac{t^2}{2} sinc(\frac{t}{2} A)^2$,304.0,PA,4.3774803428516216e-14,1.9758730000012292,$H_{LE}^{h=0.04}$,888,1e-04
$\frac{t^2}{2} sinc(\frac{t}{2} A)^2$,318.0,PA,4.372183580440936e-14,2.020086000000447,$H_{LE}^{h=0.04}$,888,1e-04
$\frac{t^2}{2} sinc(\frac{t}{2} A)^2$,331.0,PA,4.375362229294913e-14,2.4678489999987505,$H_{LE}^{h=0.04}$,888,1e-04
$\frac{t^2}{2} sinc(\frac{t}{2} A)^2$,345.0,PA,4.152513002315229e-14,2.6068279999999504,$H_{LE}^{h=0.04}$,888,1e-04
$\frac{t^2}{2} sinc(\frac{t}{2} A)^2$,359.0,PA,4.241476663812528e-14,2.7128039999988687,$H_{LE}^{h=0.04}$,888,1e-04
$\frac{t^2}{2} sinc(\frac{t}{2} A)^2$,372.0,PA,4.364638161580609e-14,3.035578999999416,$H_{LE}^{h=0.04}$,888,1e-04
$\frac{t^2}{2} sinc(\frac{t}{2} A)^2$,386.0,PA,4.345695920519142e-14,3.2478460000002087,$H_{LE}^{h=0.04}$,888,1e-04
$\frac{t^2}{2} sinc(\frac{t}{2} A)^2$,400.0,PA,4.37233535527804e-14,3.8666100000009465,$H_{LE}^{h=0.04}$,888,1e-04
$\frac{t^2}{2} sinc(\frac{t}{2} A)^2$,5.0,RA-AAA1,0.7368502732936043,5.083026000000245,$H_{LE}^{h=0.04}$,888,1e-04
$\frac{t^2}{2} sinc(\frac{t}{2} A)^2$,8.0,RA-AAA1,0.7579103686370067,9.212424000001192,$H_{LE}^{h=0.04}$,888,1e-04
$\frac{t^2}{2} sinc(\frac{t}{2} A)^2$,11.0,RA-AAA1,0.513833290102509,11.237173999999868,$H_{LE}^{h=0.04}$,888,1e-04
$\frac{t^2}{2} sinc(\frac{t}{2} A)^2$,14.0,RA-AAA1,0.5606095266485707,13.454975000000559,$H_{LE}^{h=0.04}$,888,1e-04
$\frac{t^2}{2} sinc(\frac{t}{2} A)^2$,18.0,RA-AAA1,0.5363859996869625,18.75615000000107,$H_{LE}^{h=0.04}$,888,1e-04
$\frac{t^2}{2} sinc(\frac{t}{2} A)^2$,21.0,RA-AAA1,0.5047783520926473,20.88840799999889,$H_{LE}^{h=0.04}$,888,1e-04
$\frac{t^2}{2} sinc(\frac{t}{2} A)^2$,24.0,RA-AAA1,0.41430105195994443,24.040553999999247,$H_{LE}^{h=0.04}$,888,1e-04
$\frac{t^2}{2} sinc(\frac{t}{2} A)^2$,27.0,RA-AAA1,0.45082736051523015,27.64791900000091,$H_{LE}^{h=0.04}$,888,1e-04
$\frac{t^2}{2} sinc(\frac{t}{2} A)^2$,31.0,RA-AAA1,0.4712684486677338,31.2686819999999,$H_{LE}^{h=0.04}$,888,1e-04
$\frac{t^2}{2} sinc(\frac{t}{2} A)^2$,34.0,RA-AAA1,0.4166483170411327,34.561141000000134,$H_{LE}^{h=0.04}$,888,1e-04
$\frac{t^2}{2} sinc(\frac{t}{2} A)^2$,37.0,RA-AAA1,0.4535570796079806,37.66867099999945,$H_{LE}^{h=0.04}$,888,1e-04
$\frac{t^2}{2} sinc(\frac{t}{2} A)^2$,41.0,RA-AAA1,0.3704611671462451,42.302950999999666,$H_{LE}^{h=0.04}$,888,1e-04
$\frac{t^2}{2} sinc(\frac{t}{2} A)^2$,44.0,RA-AAA1,0.4183838472698712,44.9039470000007,$H_{LE}^{h=0.04}$,888,1e-04
$\frac{t^2}{2} sinc(\frac{t}{2} A)^2$,47.0,RA-AAA1,0.3934794327303639,48.11892500000067,$H_{LE}^{h=0.04}$,888,1e-04
$\frac{t^2}{2} sinc(\frac{t}{2} A)^2$,50.0,RA-AAA1,0.3961458223947353,50.49484200000006,$H_{LE}^{h=0.04}$,888,1e-04
$\frac{t^2}{2} sinc(\frac{t}{2} A)^2$,54.0,RA-AAA1,0.3465894446941907,55.07563200000004,$H_{LE}^{h=0.04}$,888,1e-04
$\frac{t^2}{2} sinc(\frac{t}{2} A)^2$,57.0,RA-AAA1,0.39947095756282214,58.00605899999937,$H_{LE}^{h=0.04}$,888,1e-04
$\frac{t^2}{2} sinc(\frac{t}{2} A)^2$,60.0,RA-AAA1,0.3252113732303897,61.97350699999879,$H_{LE}^{h=0.04}$,888,1e-04
$\frac{t^2}{2} sinc(\frac{t}{2} A)^2$,63.0,RA-AAA1,0.3585597610105373,63.12242799999876,$H_{LE}^{h=0.04}$,888,1e-04
$\frac{t^2}{2} sinc(\frac{t}{2} A)^2$,67.0,RA-AAA1,0.3222326491405674,69.34553200000119,$H_{LE}^{h=0.04}$,888,1e-04
$\frac{t^2}{2} sinc(\frac{t}{2} A)^2$,70.0,RA-AAA1,0.3136801799396041,71.39772600000106,$H_{LE}^{h=0.04}$,888,1e-04
$\frac{t^2}{2} sinc(\frac{t}{2} A)^2$,73.0,RA-AAA1,0.34712966350544905,73.46384099999887,$H_{LE}^{h=0.04}$,888,1e-04
$\frac{t^2}{2} sinc(\frac{t}{2} A)^2$,77.0,RA-AAA1,0.3349625125125941,82.035167,$H_{LE}^{h=0.04}$,888,1e-04
$\frac{t^2}{2} sinc(\frac{t}{2} A)^2$,80.0,RA-AAA1,0.3268159572223242,76.56824799999958,$H_{LE}^{h=0.04}$,888,1e-04
$\frac{t^2}{2} sinc(\frac{t}{2} A)^2$,83.0,RA-AAA1,0.3329537837885649,79.2775359999996,$H_{LE}^{h=0.04}$,888,1e-04
$\frac{t^2}{2} sinc(\frac{t}{2} A)^2$,86.0,RA-AAA1,0.31102576238490665,83.30761999999959,$H_{LE}^{h=0.04}$,888,1e-04
$\frac{t^2}{2} sinc(\frac{t}{2} A)^2$,90.0,RA-AAA1,0.25928655491127345,91.01169800000025,$H_{LE}^{h=0.04}$,888,1e-04
$\frac{t^2}{2} sinc(\frac{t}{2} A)^2$,93.0,RA-AAA1,0.2898881409409864,95.94458900000063,$H_{LE}^{h=0.04}$,888,1e-04
$\frac{t^2}{2} sinc(\frac{t}{2} A)^2$,96.0,RA-AAA1,0.3275664536024183,103.72306500000013,$H_{LE}^{h=0.04}$,888,1e-04
$\frac{t^2}{2} sinc(\frac{t}{2} A)^2$,100.0,RA-AAA1,0.2740938152655681,108.24162100000103,$H_{LE}^{h=0.04}$,888,1e-04
$cos(tA)$,,EX,0.0,9.629778999998962,$H_{LE}^{h=0.04}$,888,1e-03
$cos(tA)$,5.0,PA,0.982254735526018,0.011646000000837375,$H_{LE}^{h=0.04}$,888,1e-03
$cos(tA)$,18.0,PA,1.6237243658677558,0.053038999998534564,$H_{LE}^{h=0.04}$,888,1e-03
$cos(tA)$,32.0,PA,1.2211776741402396,0.12416500000108499,$H_{LE}^{h=0.04}$,888,1e-03
$cos(tA)$,45.0,PA,1.1379867465592095,0.21263299999918672,$H_{LE}^{h=0.04}$,888,1e-03
$cos(tA)$,59.0,PA,1.3455183010754894,0.20753500000137137,$H_{LE}^{h=0.04}$,888,1e-03
$cos(tA)$,73.0,PA,1.0405212141561093,0.36277999999947497,$H_{LE}^{h=0.04}$,888,1e-03
$cos(tA)$,86.0,PA,0.8373239226031011,0.3035589999999502,$H_{LE}^{h=0.04}$,888,1e-03
$cos(tA)$,100.0,PA,0.8800680614980619,0.29021799999827635,$H_{LE}^{h=0.04}$,888,1e-03
$cos(tA)$,113.0,PA,0.8789162581050995,0.3341000000000349,$H_{LE}^{h=0.04}$,888,1e-03
$cos(tA)$,127.0,PA,0.8254032323963174,1.2872079999997368,$H_{LE}^{h=0.04}$,888,1e-03
$cos(tA)$,141.0,PA,0.8936206782841654,0.586289000000761,$H_{LE}^{h=0.04}$,888,1e-03
$cos(tA)$,154.0,PA,0.8583408552422046,0.604988000000958,$H_{LE}^{h=0.04}$,888,1e-03
$cos(tA)$,168.0,PA,0.8852730138518173,0.9375700000000506,$H_{LE}^{h=0.04}$,888,1e-03
$cos(tA)$,182.0,PA,0.8314415054870502,0.817960000000312,$H_{LE}^{h=0.04}$,888,1e-03
$cos(tA)$,195.0,PA,0.8536737168240506,1.090516000000207,$H_{LE}^{h=0.04}$,888,1e-03
$cos(tA)$,209.0,PA,0.768923404185543,0.98485299999993,$H_{LE}^{h=0.04}$,888,1e-03
$cos(tA)$,222.0,PA,0.7651219656764103,1.177096999999776,$H_{LE}^{h=0.04}$,888,1e-03
$cos(tA)$,236.0,PA,0.7952083042737994,1.2135229999985313,$H_{LE}^{h=0.04}$,888,1e-03
$cos(tA)$,250.0,PA,0.7986661653358385,1.0680609999999433,$H_{LE}^{h=0.04}$,888,1e-03
$cos(tA)$,263.0,PA,0.7939027186494015,1.9397449999996752,$H_{LE}^{h=0.04}$,888,1e-03
$cos(tA)$,277.0,PA,0.7336461146611963,1.5143850000004022,$H_{LE}^{h=0.04}$,888,1e-03
$cos(tA)$,291.0,PA,0.748058570755867,1.9811989999998332,$H_{LE}^{h=0.04}$,888,1e-03
$cos(tA)$,304.0,PA,0.7029966404453373,1.8139799999989918,$H_{LE}^{h=0.04}$,888,1e-03
$cos(tA)$,318.0,PA,0.6988483035393729,1.9569379999993544,$H_{LE}^{h=0.04}$,888,1e-03
$cos(tA)$,331.0,PA,0.693611728513481,1.8824079999994865,$H_{LE}^{h=0.04}$,888,1e-03
$cos(tA)$,345.0,PA,0.6500140757168297,2.0995100000000093,$H_{LE}^{h=0.04}$,888,1e-03
$cos(tA)$,359.0,PA,0.6395313316227307,2.1311470000000554,$H_{LE}^{h=0.04}$,888,1e-03
$cos(tA)$,372.0,PA,0.6178044885367733,2.28805100000136,$H_{LE}^{h=0.04}$,888,1e-03
$cos(tA)$,386.0,PA,0.6209979182096564,2.395462000000407,$H_{LE}^{h=0.04}$,888,1e-03
$cos(tA)$,400.0,PA,0.5591716025106843,2.9781650000004447,$H_{LE}^{h=0.04}$,888,1e-03
$cos(tA)$,5.0,RA-AAA1,1.1852716968070116,5.493204000000333,$H_{LE}^{h=0.04}$,888,1e-03
$cos(tA)$,8.0,RA-AAA1,1.290518871874444,8.138585999999123,$H_{LE}^{h=0.04}$,888,1e-03
$cos(tA)$,11.0,RA-AAA1,1.075553710999136,13.248303000000305,$H_{LE}^{h=0.04}$,888,1e-03
$cos(tA)$,14.0,RA-AAA1,1.1833504669222215,17.279489999998987,$H_{LE}^{h=0.04}$,888,1e-03
$cos(tA)$,18.0,RA-AAA1,1.2229619470447344,20.027258000000074,$H_{LE}^{h=0.04}$,888,1e-03
$cos(tA)$,21.0,RA-AAA1,1.2251036709562106,23.53826399999889,$H_{LE}^{h=0.04}$,888,1e-03
$cos(tA)$,24.0,RA-AAA1,1.1702383743575036,26.12813300000016,$H_{LE}^{h=0.04}$,888,1e-03
$cos(tA)$,27.0,RA-AAA1,1.1134523927388524,29.858500000000276,$H_{LE}^{h=0.04}$,888,1e-03
$cos(tA)$,31.0,RA-AAA1,1.0180440262577148,34.946264999998675,$H_{LE}^{h=0.04}$,888,1e-03
$cos(tA)$,34.0,RA-AAA1,0.9711651779150068,39.571038000000044,$H_{LE}^{h=0.04}$,888,1e-03
$cos(tA)$,37.0,RA-AAA1,1.1295241859985985,41.08905500000037,$H_{LE}^{h=0.04}$,888,1e-03
$cos(tA)$,41.0,RA-AAA1,0.8612174638201343,46.047443999999814,$H_{LE}^{h=0.04}$,888,1e-03
$cos(tA)$,44.0,RA-AAA1,1.04378982843406,48.58633100000043,$H_{LE}^{h=0.04}$,888,1e-03
$cos(tA)$,47.0,RA-AAA1,0.9607582521964783,57.5950040000007,$H_{LE}^{h=0.04}$,888,1e-03
$cos(tA)$,50.0,RA-AAA1,0.8803754137397802,56.36903900000107,$H_{LE}^{h=0.04}$,888,1e-03
$cos(tA)$,54.0,RA-AAA1,0.9933704993563004,60.48499300000003,$H_{LE}^{h=0.04}$,888,1e-03
$cos(tA)$,57.0,RA-AAA1,0.8029971480341433,60.00456300000042,$H_{LE}^{h=0.04}$,888,1e-03
$cos(tA)$,60.0,RA-AAA1,0.966550868002234,61.87081299999954,$H_{LE}^{h=0.04}$,888,1e-03
$cos(tA)$,63.0,RA-AAA1,0.9203720184527164,63.981126000000586,$H_{LE}^{h=0.04}$,888,1e-03
$cos(tA)$,67.0,RA-AAA1,0.8910406788389393,70.62391899999966,$H_{LE}^{h=0.04}$,888,1e-03
$cos(tA)$,70.0,RA-AAA1,0.8283212647661313,98.94880199999898,$H_{LE}^{h=0.04}$,888,1e-03
$cos(tA)$,73.0,RA-AAA1,0.9116817110033293,96.76921999999831,$H_{LE}^{h=0.04}$,888,1e-03
$cos(tA)$,77.0,RA-AAA1,0.8484321835848722,94.8556290000015,$H_{LE}^{h=0.04}$,888,1e-03
$cos(tA)$,80.0,RA-AAA1,0.8303219064715407,97.92151499999818,$H_{LE}^{h=0.04}$,888,1e-03
$cos(tA)$,83.0,RA-AAA1,0.8533086849524302,98.08290100000158,$H_{LE}^{h=0.04}$,888,1e-03
$cos(tA)$,86.0,RA-AAA1,0.8349115856897766,104.69783899999675,$H_{LE}^{h=0.04}$,888,1e-03
$cos(tA)$,90.0,RA-AAA1,0.8828227198519424,106.29764900000009,$H_{LE}^{h=0.04}$,888,1e-03
$cos(tA)$,93.0,RA-AAA1,0.7578631346775294,107.26033099999768,$H_{LE}^{h=0.04}$,888,1e-03
$cos(tA)$,96.0,RA-AAA1,0.8888159482597515,110.30249900000126,$H_{LE}^{h=0.04}$,888,1e-03
$cos(tA)$,100.0,RA-AAA1,0.7858073517375913,116.36498199999915,$H_{LE}^{h=0.04}$,888,1e-03
$t sinc(tA)$,,EX,0.0,10.637847999998485,$H_{LE}^{h=0.04}$,888,1e-03
$t sinc(tA)$,5.0,PA,1.7934102023957115,0.026748000000225147,$H_{LE}^{h=0.04}$,888,1e-03
$t sinc(tA)$,18.0,PA,1.4410920058073993,0.10347700000056648,$H_{LE}^{h=0.04}$,888,1e-03
$t sinc(tA)$,32.0,PA,1.3355237082840963,0.1227050000015879,$H_{LE}^{h=0.04}$,888,1e-03
$t sinc(tA)$,45.0,PA,1.7672576902687829,0.25454700000045705,$H_{LE}^{h=0.04}$,888,1e-03
$t sinc(tA)$,59.0,PA,1.6951741606573405,0.18076899999869056,$H_{LE}^{h=0.04}$,888,1e-03
$t sinc(tA)$,73.0,PA,1.4372733007630263,0.26559199999974226,$H_{LE}^{h=0.04}$,888,1e-03
$t sinc(tA)$,86.0,PA,1.1920321468250112,0.3748630000009143,$H_{LE}^{h=0.04}$,888,1e-03
$t sinc(tA)$,100.0,PA,1.4531432947268794,0.39060199999948964,$H_{LE}^{h=0.04}$,888,1e-03
$t sinc(tA)$,113.0,PA,1.4227518173783549,0.39466800000082003,$H_{LE}^{h=0.04}$,888,1e-03
$t sinc(tA)$,127.0,PA,1.2818133711331983,0.5342410000012023,$H_{LE}^{h=0.04}$,888,1e-03
$t sinc(tA)$,141.0,PA,1.322428757566138,0.685473000001366,$H_{LE}^{h=0.04}$,888,1e-03
$t sinc(tA)$,154.0,PA,1.2047897028222287,0.7105970000011439,$H_{LE}^{h=0.04}$,888,1e-03
$t sinc(tA)$,168.0,PA,1.1200826323384372,0.8106930000030843,$H_{LE}^{h=0.04}$,888,1e-03
$t sinc(tA)$,182.0,PA,1.1195404776412499,0.9725380000018049,$H_{LE}^{h=0.04}$,888,1e-03
$t sinc(tA)$,195.0,PA,1.072342415571388,1.3203140000005078,$H_{LE}^{h=0.04}$,888,1e-03
$t sinc(tA)$,209.0,PA,1.0251419451353014,1.1620289999991655,$H_{LE}^{h=0.04}$,888,1e-03
$t sinc(tA)$,222.0,PA,1.001640803806016,1.366692999999941,$H_{LE}^{h=0.04}$,888,1e-03
$t sinc(tA)$,236.0,PA,0.9508143501362408,1.221443000002182,$H_{LE}^{h=0.04}$,888,1e-03
$t sinc(tA)$,250.0,PA,0.960321813250154,1.370139000002382,$H_{LE}^{h=0.04}$,888,1e-03
$t sinc(tA)$,263.0,PA,0.9396107980457216,1.4752079999998386,$H_{LE}^{h=0.04}$,888,1e-03
$t sinc(tA)$,277.0,PA,0.9084748108336376,1.7086789999993925,$H_{LE}^{h=0.04}$,888,1e-03
$t sinc(tA)$,291.0,PA,0.89077948978941,1.7419950000003155,$H_{LE}^{h=0.04}$,888,1e-03
$t sinc(tA)$,304.0,PA,0.8360168595824199,2.029979999999341,$H_{LE}^{h=0.04}$,888,1e-03
$t sinc(tA)$,318.0,PA,0.8436765334552078,2.0677269999978307,$H_{LE}^{h=0.04}$,888,1e-03
$t sinc(tA)$,331.0,PA,0.8379669818306137,2.123617999997805,$H_{LE}^{h=0.04}$,888,1e-03
$t sinc(tA)$,345.0,PA,0.7273598845404935,2.5250339999984135,$H_{LE}^{h=0.04}$,888,1e-03
$t sinc(tA)$,359.0,PA,0.7186372806152133,2.671200000000681,$H_{LE}^{h=0.04}$,888,1e-03
$t sinc(tA)$,372.0,PA,0.6798188981182715,3.0346729999982927,$H_{LE}^{h=0.04}$,888,1e-03
$t sinc(tA)$,386.0,PA,0.6982505244653149,3.0122520000004442,$H_{LE}^{h=0.04}$,888,1e-03
$t sinc(tA)$,400.0,PA,0.6324733561730018,3.305575000002136,$H_{LE}^{h=0.04}$,888,1e-03
$t sinc(tA)$,5.0,RA-AAA1,1.1411877609099192,5.635825000001205,$H_{LE}^{h=0.04}$,888,1e-03
$t sinc(tA)$,8.0,RA-AAA1,1.2285852642511816,8.801823000001605,$H_{LE}^{h=0.04}$,888,1e-03
$t sinc(tA)$,11.0,RA-AAA1,1.4141389781969118,12.64454399999886,$H_{LE}^{h=0.04}$,888,1e-03
$t sinc(tA)$,14.0,RA-AAA1,1.19892863826762,16.172985000001063,$H_{LE}^{h=0.04}$,888,1e-03
$t sinc(tA)$,18.0,RA-AAA1,1.2160630054645027,20.544912999997905,$H_{LE}^{h=0.04}$,888,1e-03
$t sinc(tA)$,21.0,RA-AAA1,1.3781765465105371,23.46465900000112,$H_{LE}^{h=0.04}$,888,1e-03
$t sinc(tA)$,24.0,RA-AAA1,1.5086491613864481,29.15049799999906,$H_{LE}^{h=0.04}$,888,1e-03
$t sinc(tA)$,27.0,RA-AAA1,1.1001189078140245,29.161301000000094,$H_{LE}^{h=0.04}$,888,1e-03
$t sinc(tA)$,31.0,RA-AAA1,1.4431014318938948,35.388177000000724,$H_{LE}^{h=0.04}$,888,1e-03
$t sinc(tA)$,34.0,RA-AAA1,1.3930984975192873,35.37446700000146,$H_{LE}^{h=0.04}$,888,1e-03
$t sinc(tA)$,37.0,RA-AAA1,1.139466632027639,37.70386700000017,$H_{LE}^{h=0.04}$,888,1e-03
$t sinc(tA)$,41.0,RA-AAA1,0.9506279689234185,43.50630600000295,$H_{LE}^{h=0.04}$,888,1e-03
$t sinc(tA)$,44.0,RA-AAA1,1.0240956351583075,46.899389999998675,$H_{LE}^{h=0.04}$,888,1e-03
$t sinc(tA)$,47.0,RA-AAA1,0.7914809343020647,48.38987500000076,$H_{LE}^{h=0.04}$,888,1e-03
$t sinc(tA)$,50.0,RA-AAA1,1.0073708307858695,51.12870800000019,$H_{LE}^{h=0.04}$,888,1e-03
$t sinc(tA)$,54.0,RA-AAA1,0.9181351066157181,55.653779999996914,$H_{LE}^{h=0.04}$,888,1e-03
$t sinc(tA)$,57.0,RA-AAA1,0.891236276451751,57.500081000001956,$H_{LE}^{h=0.04}$,888,1e-03
$t sinc(tA)$,60.0,RA-AAA1,0.8499286156773912,62.23021199999857,$H_{LE}^{h=0.04}$,888,1e-03
$t sinc(tA)$,63.0,RA-AAA1,0.9642426700246363,62.38057099999787,$H_{LE}^{h=0.04}$,888,1e-03
$t sinc(tA)$,67.0,RA-AAA1,0.9846534112853157,68.65031699999963,$H_{LE}^{h=0.04}$,888,1e-03
$t sinc(tA)$,70.0,RA-AAA1,0.9089630712078821,72.34331399999792,$H_{LE}^{h=0.04}$,888,1e-03
$t sinc(tA)$,73.0,RA-AAA1,0.9293266048209664,74.17342900000222,$H_{LE}^{h=0.04}$,888,1e-03
$t sinc(tA)$,77.0,RA-AAA1,0.8462587081428948,76.03464100000201,$H_{LE}^{h=0.04}$,888,1e-03
$t sinc(tA)$,80.0,RA-AAA1,0.9140865107158863,81.42051899999933,$H_{LE}^{h=0.04}$,888,1e-03
$t sinc(tA)$,83.0,RA-AAA1,0.8822757573350855,82.34108299999934,$H_{LE}^{h=0.04}$,888,1e-03
$t sinc(tA)$,86.0,RA-AAA1,0.9111429703310526,87.39184599999862,$H_{LE}^{h=0.04}$,888,1e-03
$t sinc(tA)$,90.0,RA-AAA1,0.8216799647874582,91.24864600000001,$H_{LE}^{h=0.04}$,888,1e-03
$t sinc(tA)$,93.0,RA-AAA1,0.8080162525941258,93.5745050000005,$H_{LE}^{h=0.04}$,888,1e-03
$t sinc(tA)$,96.0,RA-AAA1,0.8175538121606923,97.6657520000008,$H_{LE}^{h=0.04}$,888,1e-03
$t sinc(tA)$,100.0,RA-AAA1,0.8110165576353425,99.02832499999931,$H_{LE}^{h=0.04}$,888,1e-03
$\frac{t^2}{2} sinc(\frac{t}{2} A)^2$,,EX,0.0,16.444752999999764,$H_{LE}^{h=0.04}$,888,1e-03
$\frac{t^2}{2} sinc(\frac{t}{2} A)^2$,5.0,PA,0.5155507262352563,0.04391799999939394,$H_{LE}^{h=0.04}$,888,1e-03
$\frac{t^2}{2} sinc(\frac{t}{2} A)^2$,18.0,PA,0.9197096326339815,0.13944500000070548,$H_{LE}^{h=0.04}$,888,1e-03
$\frac{t^2}{2} sinc(\frac{t}{2} A)^2$,32.0,PA,0.637128702692136,0.10179900000002817,$H_{LE}^{h=0.04}$,888,1e-03
$\frac{t^2}{2} sinc(\frac{t}{2} A)^2$,45.0,PA,0.5858082416128467,0.15407100000084029,$H_{LE}^{h=0.04}$,888,1e-03
$\frac{t^2}{2} sinc(\frac{t}{2} A)^2$,59.0,PA,0.7125513068238102,0.1562770000018645,$H_{LE}^{h=0.04}$,888,1e-03
$\frac{t^2}{2} sinc(\frac{t}{2} A)^2$,73.0,PA,0.5140887476946471,0.3697269999975106,$H_{LE}^{h=0.04}$,888,1e-03
$\frac{t^2}{2} sinc(\frac{t}{2} A)^2$,86.0,PA,0.3682457481821147,0.402312999998685,$H_{LE}^{h=0.04}$,888,1e-03
$\frac{t^2}{2} sinc(\frac{t}{2} A)^2$,100.0,PA,0.37369497730465595,0.45065299999987474,$H_{LE}^{h=0.04}$,888,1e-03
$\frac{t^2}{2} sinc(\frac{t}{2} A)^2$,113.0,PA,0.3931590460209094,0.5837279999977909,$H_{LE}^{h=0.04}$,888,1e-03
$\frac{t^2}{2} sinc(\frac{t}{2} A)^2$,127.0,PA,0.35940703773943866,0.8021020000014687,$H_{LE}^{h=0.04}$,888,1e-03
$\frac{t^2}{2} sinc(\frac{t}{2} A)^2$,141.0,PA,0.3941164047464009,0.5817250000000058,$H_{LE}^{h=0.04}$,888,1e-03
$\frac{t^2}{2} sinc(\frac{t}{2} A)^2$,154.0,PA,0.3800599655652573,0.6950739999992948,$H_{LE}^{h=0.04}$,888,1e-03
$\frac{t^2}{2} sinc(\frac{t}{2} A)^2$,168.0,PA,0.39279084431129346,0.7766059999994468,$H_{LE}^{h=0.04}$,888,1e-03
$\frac{t^2}{2} sinc(\frac{t}{2} A)^2$,182.0,PA,0.3678121350654121,0.8739840000016557,$H_{LE}^{h=0.04}$,888,1e-03
$\frac{t^2}{2} sinc(\frac{t}{2} A)^2$,195.0,PA,0.37086406332371974,0.9678430000021763,$H_{LE}^{h=0.04}$,888,1e-03
$\frac{t^2}{2} sinc(\frac{t}{2} A)^2$,209.0,PA,0.3283623388109989,1.0609190000031958,$H_{LE}^{h=0.04}$,888,1e-03
$\frac{t^2}{2} sinc(\frac{t}{2} A)^2$,222.0,PA,0.3204394238754627,1.2811509999992268,$H_{LE}^{h=0.04}$,888,1e-03
$\frac{t^2}{2} sinc(\frac{t}{2} A)^2$,236.0,PA,0.3395155206683633,1.3867339999997057,$H_{LE}^{h=0.04}$,888,1e-03
$\frac{t^2}{2} sinc(\frac{t}{2} A)^2$,250.0,PA,0.3346575739231301,1.4477789999982633,$H_{LE}^{h=0.04}$,888,1e-03
$\frac{t^2}{2} sinc(\frac{t}{2} A)^2$,263.0,PA,0.32988905720566825,1.7990109999991546,$H_{LE}^{h=0.04}$,888,1e-03
$\frac{t^2}{2} sinc(\frac{t}{2} A)^2$,277.0,PA,0.29452788454916135,1.815189000000828,$H_{LE}^{h=0.04}$,888,1e-03
$\frac{t^2}{2} sinc(\frac{t}{2} A)^2$,291.0,PA,0.3052680900527847,2.006615000002057,$H_{LE}^{h=0.04}$,888,1e-03
$\frac{t^2}{2} sinc(\frac{t}{2} A)^2$,304.0,PA,0.2811153470608902,2.1644329999980982,$H_{LE}^{h=0.04}$,888,1e-03
$\frac{t^2}{2} sinc(\frac{t}{2} A)^2$,318.0,PA,0.27261643179972755,2.3163390000008803,$H_{LE}^{h=0.04}$,888,1e-03
$\frac{t^2}{2} sinc(\frac{t}{2} A)^2$,331.0,PA,0.2847868554119568,2.6182499999995343,$H_{LE}^{h=0.04}$,888,1e-03
$\frac{t^2}{2} sinc(\frac{t}{2} A)^2$,345.0,PA,0.25771787258413137,2.806963999999425,$H_{LE}^{h=0.04}$,888,1e-03
$\frac{t^2}{2} sinc(\frac{t}{2} A)^2$,359.0,PA,0.2452639677640467,2.975467000000208,$H_{LE}^{h=0.04}$,888,1e-03
$\frac{t^2}{2} sinc(\frac{t}{2} A)^2$,372.0,PA,0.2258082219557915,3.322083000002749,$H_{LE}^{h=0.04}$,888,1e-03
$\frac{t^2}{2} sinc(\frac{t}{2} A)^2$,386.0,PA,0.232239356278842,3.5248780000001716,$H_{LE}^{h=0.04}$,888,1e-03
$\frac{t^2}{2} sinc(\frac{t}{2} A)^2$,400.0,PA,0.2028471001199923,3.951199999999517,$H_{LE}^{h=0.04}$,888,1e-03
$\frac{t^2}{2} sinc(\frac{t}{2} A)^2$,5.0,RA-AAA1,0.5654683539153972,4.844283999998879,$H_{LE}^{h=0.04}$,888,1e-03
$\frac{t^2}{2} sinc(\frac{t}{2} A)^2$,8.0,RA-AAA1,0.6350632847849119,8.349355000002106,$H_{LE}^{h=0.04}$,888,1e-03
$\frac{t^2}{2} sinc(\frac{t}{2} A)^2$,11.0,RA-AAA1,0.45071735733260865,10.968532999999297,$H_{LE}^{h=0.04}$,888,1e-03
$\frac{t^2}{2} sinc(\frac{t}{2} A)^2$,14.0,RA-AAA1,0.4986153607184411,14.167378999998618,$H_{LE}^{h=0.04}$,888,1e-03
$\frac{t^2}{2} sinc(\frac{t}{2} A)^2$,18.0,RA-AAA1,0.4086948004941149,17.865209999999934,$H_{LE}^{h=0.04}$,888,1e-03
$\frac{t^2}{2} sinc(\frac{t}{2} A)^2$,21.0,RA-AAA1,0.42548912142778106,21.858250000001135,$H_{LE}^{h=0.04}$,888,1e-03
$\frac{t^2}{2} sinc(\frac{t}{2} A)^2$,24.0,RA-AAA1,0.4024742510365198,23.640330000001995,$H_{LE}^{h=0.04}$,888,1e-03
$\frac{t^2}{2} sinc(\frac{t}{2} A)^2$,27.0,RA-AAA1,0.4614628419125618,27.1386960000018,$H_{LE}^{h=0.04}$,888,1e-03
$\frac{t^2}{2} sinc(\frac{t}{2} A)^2$,31.0,RA-AAA1,0.3400744077099703,30.6487730000008,$H_{LE}^{h=0.04}$,888,1e-03
$\frac{t^2}{2} sinc(\frac{t}{2} A)^2$,34.0,RA-AAA1,0.33186294292000257,34.1977799999986,$H_{LE}^{h=0.04}$,888,1e-03
$\frac{t^2}{2} sinc(\frac{t}{2} A)^2$,37.0,RA-AAA1,0.3698964542297678,37.68023799999719,$H_{LE}^{h=0.04}$,888,1e-03
$\frac{t^2}{2} sinc(\frac{t}{2} A)^2$,41.0,RA-AAA1,0.3622818531267646,41.62286799999856,$H_{LE}^{h=0.04}$,888,1e-03
$\frac{t^2}{2} sinc(\frac{t}{2} A)^2$,44.0,RA-AAA1,0.3565296354952378,44.76630899999873,$H_{LE}^{h=0.04}$,888,1e-03
$\frac{t^2}{2} sinc(\frac{t}{2} A)^2$,47.0,RA-AAA1,0.327451553486517,47.683812999999645,$H_{LE}^{h=0.04}$,888,1e-03
$\frac{t^2}{2} sinc(\frac{t}{2} A)^2$,50.0,RA-AAA1,0.3571393984283005,50.44806899999821,$H_{LE}^{h=0.04}$,888,1e-03
$\frac{t^2}{2} sinc(\frac{t}{2} A)^2$,54.0,RA-AAA1,0.3260594044375583,53.583552000000054,$H_{LE}^{h=0.04}$,888,1e-03
$\frac{t^2}{2} sinc(\frac{t}{2} A)^2$,57.0,RA-AAA1,0.3128149776525348,58.05796399999963,$H_{LE}^{h=0.04}$,888,1e-03
$\frac{t^2}{2} sinc(\frac{t}{2} A)^2$,60.0,RA-AAA1,0.32501812447453987,60.2383370000025,$H_{LE}^{h=0.04}$,888,1e-03
$\frac{t^2}{2} sinc(\frac{t}{2} A)^2$,63.0,RA-AAA1,0.31737731972269473,63.33819199999925,$H_{LE}^{h=0.04}$,888,1e-03
$\frac{t^2}{2} sinc(\frac{t}{2} A)^2$,67.0,RA-AAA1,0.3053003005668616,69.60861600000135,$H_{LE}^{h=0.04}$,888,1e-03
$\frac{t^2}{2} sinc(\frac{t}{2} A)^2$,70.0,RA-AAA1,0.3034625489366795,73.90451300000132,$H_{LE}^{h=0.04}$,888,1e-03
$\frac{t^2}{2} sinc(\frac{t}{2} A)^2$,73.0,RA-AAA1,0.2957973544506936,87.32148900000175,$H_{LE}^{h=0.04}$,888,1e-03
$\frac{t^2}{2} sinc(\frac{t}{2} A)^2$,77.0,RA-AAA1,0.3157898785017515,78.74844200000007,$H_{LE}^{h=0.04}$,888,1e-03
$\frac{t^2}{2} sinc(\frac{t}{2} A)^2$,80.0,RA-AAA1,0.27262677712899847,80.72934800000075,$H_{LE}^{h=0.04}$,888,1e-03
$\frac{t^2}{2} sinc(\frac{t}{2} A)^2$,83.0,RA-AAA1,0.29836199741831876,82.7101760000005,$H_{LE}^{h=0.04}$,888,1e-03
$\frac{t^2}{2} sinc(\frac{t}{2} A)^2$,86.0,RA-AAA1,0.2916512214027606,87.208967999999,$H_{LE}^{h=0.04}$,888,1e-03
$\frac{t^2}{2} sinc(\frac{t}{2} A)^2$,90.0,RA-AAA1,0.30742266305411875,90.57193100000222,$H_{LE}^{h=0.04}$,888,1e-03
$\frac{t^2}{2} sinc(\frac{t}{2} A)^2$,93.0,RA-AAA1,0.2900819641059799,104.04002000000037,$H_{LE}^{h=0.04}$,888,1e-03
$\frac{t^2}{2} sinc(\frac{t}{2} A)^2$,96.0,RA-AAA1,0.30269381641477244,133.04113999999754,$H_{LE}^{h=0.04}$,888,1e-03
$\frac{t^2}{2} sinc(\frac{t}{2} A)^2$,100.0,RA-AAA1,0.31053647507853926,126.48552799999743,$H_{LE}^{h=0.04}$,888,1e-03
